"순번","제목","작성일","작성자","조회수","추천수"
"20","안녕하세요? 반갑습니다","2023-01-02","익명","5","0"
"19","test","2023-01-02","익명","179","0"
"18","커뮤니티 익명 등록입니다","2022-12-30","익명","114","5"
"17","안녕하세요","0022-12-24","익명","23","1"
"16","안녕하세요? 반갑습니다","0022-12-20","익명","3","1"
"15","dsfsf","0022-12-20","익명","3","0"
"14","dsfsf","0022-12-20","익명","2","0"
"13","테스트 함당","2022-12-14","익명","10","1"
"12","테스트데이터입니다","2022-12-12","익명","7","6"
"11","테스트데이터입니다","2022-12-12","익명","5","6"
"10","테스트데이터입니다","2022-12-12","익명","4","6"
"9","테스트데이터입니다","2022-12-12","익명","71","7"
"8","테스트데이터입니다","2022-12-12","익명","3","6"
"7","개똥이","2022-12-16","익명","15","10"
"6","테스트데이터입니다","2022-12-12","익명","2","6"
"5","테스트데이터입니다","2022-12-12","익명","2","6"
"4","테스트데이터입니다","2022-12-12","익명","3","7"
"3","테스트데이터입니다","2022-12-12","익명","1","6"
"2","테스트데이터5","2022-12-12","익명","1","6"
"1","테스트데이터4","2022-12-12","익명","1","6"